filename,target_url
t1-001-30d03.html,https://t.me/sadwqefgd
t1-002-c04b2.html,https://t.me/sadwqefgd
t1-003-7394c.html,https://t.me/sadwqefgd
t1-004-9b145.html,https://t.me/sadwqefgd
t1-005-3439d.html,https://t.me/sadwqefgd
t1-006-88ed2.html,https://t.me/sadwqefgd
t1-007-4c81c.html,https://t.me/sadwqefgd
t1-008-a1fe1.html,https://t.me/sadwqefgd
t1-009-b09b7.html,https://t.me/sadwqefgd
t1-010-aaaca.html,https://t.me/sadwqefgd
t1-011-915c3.html,https://t.me/sadwqefgd
t1-012-41801.html,https://t.me/sadwqefgd
t1-013-3b558.html,https://t.me/sadwqefgd
t1-014-e5143.html,https://t.me/sadwqefgd
t1-015-b3d14.html,https://t.me/sadwqefgd
t1-016-2735e.html,https://t.me/sadwqefgd
t1-017-41d5b.html,https://t.me/sadwqefgd
t1-018-073bc.html,https://t.me/sadwqefgd
t1-019-f0097.html,https://t.me/sadwqefgd
t1-020-01ce8.html,https://t.me/sadwqefgd
t1-021-0921f.html,https://t.me/sadwqefgd
t1-022-7dc0a.html,https://t.me/sadwqefgd
t1-023-31913.html,https://t.me/sadwqefgd
t1-024-7c29b.html,https://t.me/sadwqefgd
t1-025-30bdd.html,https://t.me/sadwqefgd
t1-026-8a2b1.html,https://t.me/sadwqefgd
t1-027-a911d.html,https://t.me/sadwqefgd
t1-028-1e96d.html,https://t.me/sadwqefgd
t1-029-3b4b7.html,https://t.me/sadwqefgd
t1-030-0a8c2.html,https://t.me/sadwqefgd
t1-031-d0a4e.html,https://t.me/sadwqefgd
t1-032-10a07.html,https://t.me/sadwqefgd
t1-033-c9130.html,https://t.me/sadwqefgd
t1-034-74a01.html,https://t.me/sadwqefgd
t1-035-02278.html,https://t.me/sadwqefgd
t1-036-fed3a.html,https://t.me/sadwqefgd
t1-037-3c561.html,https://t.me/sadwqefgd
t1-038-40cd3.html,https://t.me/sadwqefgd
t1-039-fcde2.html,https://t.me/sadwqefgd
t1-040-c4a09.html,https://t.me/sadwqefgd
t1-041-8a3ff.html,https://t.me/sadwqefgd
t1-042-8658b.html,https://t.me/sadwqefgd
t1-043-47705.html,https://t.me/sadwqefgd
t1-044-1bc3f.html,https://t.me/sadwqefgd
t1-045-082a7.html,https://t.me/sadwqefgd
t1-046-00aec.html,https://t.me/sadwqefgd
t1-047-9d42c.html,https://t.me/sadwqefgd
t1-048-cf7b0.html,https://t.me/sadwqefgd
t1-049-0947c.html,https://t.me/sadwqefgd
t1-050-6fb8a.html,https://t.me/sadwqefgd
